"Title";"Year";"Album";"Popularity";"durationMin";"Key";"Mode";"Tempo";"Time_signature";"Valence";"Danceability";"Energy";"Loudness";"Acousticness";"Single A side";"Single B side";"Single certification";"newStyle";"newTheme";"newMood";"newGenre";"Songwriter(s)";"primaryWriter";"Lead vocal(s)";"primaryVocals";"Cover";"Covered by";"Chart position UK (Wikipedia)";"Chart position US (Wikipedia)";"Highest position (The Guardian)";"Weeks on chart in UK (The Guardian)";"Weeks at No1 in UK (The Guardian)";"Highest position (Billboard)";"Weeks at No1 (Billboard)";"Top 50 (Billboard)";"Top 50 (Ultimate classic rock)";"Top 50 (Rolling Stone)";"Top 50 (NME)";"Top 50 (Top50songs.org)";"Top 50 (USA today, 2017)";"Top 50 (Vulture, by Bill Wyman)"
"A Day in the Life";"1967";"Sgt. Pepper's Lonely Hearts Club Band";"65";5.58;"E";"Minor";"163.219";"4";"0.175";"0.364";"0.457";"-14.162";"0.29";"Sgt. Pepper's Lonely Hearts Club Band / With a Little Help from My Friends";"A Day in the Life";"";"British Psychedelia";"";"Ambitious";"Psychedelic Rock";"Lennon and McCartney";"Lennon and McCartney";"Lennon and McCartney";"Lennon and McCartney";"N";"27";"63";"";"";"0";"0";"";"0";"";"1";"1";"2";"18";"1";"1"
"A Hard Day's Night";"1964";"A Hard Day's Night";"71";2.53;"C";"Major";"138.514";"4";"0.797";"0.59";"0.805";"-6.481";"0.137";"A Hard Day's Night; A Hard Day's Night";"Things We Said Today; I Should Have Known Better";"RIAA Gold";"British Invasion";"Everyday Life";"Carefree";"Rock";"Lennon";"Lennon";"Lennon, with McCartney";"Lennon";"N";"35";"1";"1";"1";"13";"3";"1";"2";"8";"18";"11";"19";"19";"15";"41"
"A Taste of Honey";"1963";"Please Please Me";"51";2.72;"C#/Db";"Minor";"101.408";"3";"0.412";"0.42";"0.372";"-11.416";"0.698";"";"";"";"British Invasion";"Affection/Fondness";"Earnest";"Pop/Rock";"Scott, Marlow";"Other";"McCartney";"McCartney";"Y";"";"";"";"";"0";"0";"";"0";"";"";"";"";"";"";""
"Across the Universe";"1968";"Let It Be";"69";3.83;"C#/Db";"Major";"152.126";"4";"0.858";"0.257";"0.412";"-11.788";"0.361";"";"";"";"Album Rock";"Introspection";"Atmospheric";"Psychedelic folk";"Lennon";"Lennon";"Lennon";"Lennon";"N";"32";"";"";"";"0";"0";"";"0";"";"";"";"7";"30";"32";""
"Act Naturally";"1965";"Help!";"52";2.32;"G";"Major";"93.02";"4";"0.944";"0.702";"0.447";"-10.122";"0.366";"Yesterday";"Act Naturally";"RIAA Gold";"British Invasion";"Hanging Out";"Amiable/Good-Natured";"Country";"Russell, Morrison";"Other";"Starkey";"Starkey";"Y";"";"";"47";"";"0";"0";"47";"0";"50";"";"";"";"";"";""
"All I've Got to Do";"1963";"With the Beatles";"55";2.07;"C#/Db";"Minor";"119.403";"4";"0.879";"0.49";"0.579";"-10.301";"0.217";"";"";"";"British Invasion";"";"Amiable/Good-Natured";"Pop/Rock";"Lennon";"Lennon";"Lennon";"Lennon";"N";"2";"";"";"";"0";"0";"";"0";"";"";"";"";"";"";""
"All My Loving";"1963";"With the Beatles";"73";2.07;"C#/Db";"Minor";"77.56";"4";"0.9";"0.416";"0.563";"-8.724";"0.207";"All My Loving";"This Boy";"";"British Invasion";"Day Driving";"Bright";"Pop/Rock";"McCartney";"McCartney";"McCartney";"McCartney";"N";"20";"";"45";"";"0";"0";"";"0";"";"46";"44";"35";"43";"29";""
"All Together Now";"1967";"Yellow Submarine";"45";2.17;"D";"Major";"95.937";"4";"0.778";"0.587";"0.431";"-9.495";"0.0722";"All Together Now";"Hey Bulldog";"";"Contemporary Pop/Rock";"Birthday";"Amiable/Good-Natured";"Skiffle";"McCartney, with Lennon";"McCartney";"McCartney, with Lennon";"McCartney";"N";"3";"";"";"";"0";"0";"";"0";"";"";"";"";"";"";""
"All You Need Is Love";"1967";"Magical Mystery Tour";"68";3.95;"G";"Major";"103.436";"4";"0.653";"0.4";"0.48";"-7.768";"0.346";"All You Need Is Love";"Baby, You're a Rich Man";"RIAA Gold";"Contemporary Pop/Rock";"Affection/Fondness";"Amiable/Good-Natured";"Pop/Rock";"Lennon";"Lennon";"Lennon";"Lennon";"N";"20";"1";"1";"";"0";"0";"1";"0";"15";"23";"21";"24";"7";"33";""
"And I Love Her";"1964";"A Hard Day's Night";"74";2.53;"C#/Db";"Minor";"113.312";"4";"0.636";"0.767";"0.331";"-10.777";"0.64";"And I Love Her";"If I Fell";"";"British Invasion. Contemporary Pop/Rock";"New Love";"Poignant";"Pop/Rock";"McCartney, with Lennon";"McCartney";"McCartney";"McCartney";"N";"32";"";"12";"";"0";"0";"12";"0";"37";"";"";"";"";"";""
"And Your Bird Can Sing";"1966";"Revolver";"58";2.02;"E";"Major";"132.59";"4";"0.966";"0.555";"0.65";"-6.936";"0.0067";"";"";"";"British Invasion";"";"Acerbic";"Power Pop";"Lennon, with McCartney";"Lennon";"Lennon";"Lennon";"N";"6";"";"";"";"0";"0";"";"0";"";"";"";"30";"";"";"33"
"Anna (Go to Him)";"1963";"Please Please Me";"58";2.8;"D";"Major";"109.286";"4";"0.835";"0.608";"0.565";"-11.06";"0.635";"";"";"";"British Invasion";"Breakup";"Earnest";"Soul";"Alexander";"Other";"Lennon";"Lennon";"Y";"";"";"";"";"0";"0";"";"0";"";"";"";"";"";"";""
"Another Girl";"1965";"Help!";"52";2.07;"A";"Major";"88.657";"4";"0.822";"0.516";"0.638";"-7.453";"0.238";"";"";"";"British Invasion";"Breakup";"Rollicking";"Country Rock";"McCartney";"McCartney";"McCartney";"McCartney";"N";"";"";"";"";"0";"0";"";"0";"";"";"";"";"";"";""
"Any Time at All";"1964";"A Hard Day's Night";"52";2.22;"D";"Major";"141.016";"4";"0.744";"0.612";"0.719";"-7.026";"0.366";"";"";"";"British Invasion";"Awareness";"Bright";"Pop/Rock";"Lennon, with McCartney";"Lennon";"Lennon, with McCartney";"Lennon";"N";"4";"";"";"";"0";"0";"";"0";"";"";"";"";"";"";""
"Ask Me Why";"1962";"Please Please Me";"52";2.4;"E";"Major";"133.942";"4";"0.597";"0.605";"0.394";"-11.33";"0.767";"Please Please Me";"Ask Me Why";"";"British Invasion";"Affection/Fondness";"Warm";"Pop/Rock";"Lennon, with McCartney";"Lennon";"Lennon";"Lennon";"N";"1";"";"";"";"0";"0";"";"0";"";"";"";"";"";"";""
"Baby It's You";"1963";"Please Please Me";"56";2.7;"E";"Minor";"112.421";"4";"0.879";"0.608";"0.494";"-12.211";"0.778";"";"";"";"British Invasion";"Affection/Fondness";"Bright";"Pop/Rock";"Bacharach, David, Dixon";"Other";"Lennon";"Lennon";"Y";"";"7";"67";"7";"7";"0";"";"0";"";"";"";"";"";"";""
"Baby's in Black";"1964";"Beatles for Sale";"48";2.03;"A";"Major";"202.97";"3";"0.876";"0.374";"0.596";"-7.666";"0.434";"Real Love";"Baby's in Black";"RIAA Gold";"British Invasion";"Heartache";"Angst-Ridden";"Folk Rock";"Lennon and McCartney";"Lennon and McCartney";"Lennon and McCartney";"Lennon and McCartney";"N";"2";"";"";"";"0";"0";"";"0";"";"";"";"";"";"";""
"Baby, You're a Rich Man";"1967";"Magical Mystery Tour";"55";3.05;"G";"Major";"96.751";"4";"0.467";"0.619";"0.625";"-9.635";"0.0119";"All You Need Is Love";"Baby, You're a Rich Man";"RIAA Gold";"British Psychedelia";"";"Acerbic";"Psychedelic Pop";"Lennon and McCartney";"Lennon and McCartney";"Lennon";"Lennon";"N";"3";"1";"34";"";"0";"0";"34";"0";"48";"";"";"";"";"";""
"Back in the U.S.S.R.";"1968";"The Beatles";"65";2.72;"A";"Major";"142.489";"4";"0.494";"0.48";"0.969";"-7.464";"0.069";"Back in the U.S.S.R.";"Twist and Shout";"";"Contemporary Pop/Rock";"Playful";"Exciting";"Rock and Roll";"McCartney";"McCartney";"McCartney";"McCartney";"N";"13";"19";"";"19";"6";"0";"";"0";"";"";"";"";"27";"";"47"
"Bad Boy";"1965";"Past Masters (Vols. 1 & 2 / Remastered)";"40";2.35;"C";"Major";"134.64";"4";"0.878";"0.549";"0.725";"-8.512";"0.199";"";"";"";"British Invasion";"Cool & Cocky";"Bright";"R&B";"Williams";"Other";"Lennon";"Lennon";"Y";"";"";"";"";"0";"0";"";"0";"";"";"";"";"";"";""
"Because";"1969";"Abbey Road";"60";2.75;"D";"Major";"81.257";"4";"0.162";"0.328";"0.249";"-11.777";"0.754";"";"";"";"Contemporary Pop/Rock";"";"Atmospheric";"Pop/Rock";"Lennon";"Lennon";"Lennon, McCartney, Harrison";"More than 2 vocalists";"N";"14";"";"";"";"0";"0";"";"0";"";"";"";"";"31";"";""
"Being for the Benefit of Mr. Kite!";"1967";"Sgt. Pepper's Lonely Hearts Club Band";"54";2.62;"C";"Major";"111.874";"4";"0.71";"0.526";"0.413";"-9.865";"0.338";"";"";"";"British Psychedelia";"";"Atmospheric";"Experimental Rock";"Lennon, with McCartney";"Lennon";"Lennon";"Lennon";"N";"11";"";"";"";"0";"0";"";"0";"";"";"";"";"";"";""
"Birthday";"1968";"The Beatles";"57";2.7;"D";"Major";"139.239";"4";"0.91";"0.541";"0.727";"-7.509";"7.37e-05";"";"";"";"Contemporary Pop/Rock";"Birthday";"Energetic";"Hard Rock";"McCartney, with Lennon";"McCartney";"McCartney, with Lennon";"McCartney";"N";"7";"";"";"";"0";"0";"";"0";"";"";"";"";"";"";""
"Blackbird";"1968";"The Beatles";"79";2.32;"G";"Major";"93.699";"4";"0.372";"0.686";"0.127";"-14.361";"0.754";"";"";"";"Contemporary Pop/Rock";"Freedom";"Amiable/Good-Natured";"Folk";"McCartney";"McCartney";"McCartney";"McCartney";"N";"52";"";"";"";"0";"0";"";"0";"";"";"38";"5";"26";"16";"31"
"Blue Jay Way";"1967";"Magical Mystery Tour";"53";3.92;"C";"Major";"101.052";"4";"0.0378";"0.294";"0.407";"-11.575";"0.0258";"";"";"";"British Psychedelia";"";"Dreamy";"Psychedelic Rock";"Harrison";"Harrison";"Harrison";"Harrison";"N";"3";"";"";"";"0";"0";"";"0";"";"";"";"";"";"";""
"Boys";"1963";"Please Please Me";"51";2.4;"E";"Major";"142.445";"4";"0.822";"0.402";"0.86";"-10.31";"0.607";"Boys";"Kansas City/Hey, Hey, Hey, Hey";"";"British Invasion";"Partying";"Bright";"Rock and Roll";"Dixon, Farrell";"Other";"Starkey (Best)";"Starkey";"Y";"";"";"102";"";"0";"0";"";"0";"";"";"";"";"";"";""
"Can't Buy Me Love";"1964";"A Hard Day's Night";"70";2.18;"C";"Major";"170.72";"4";"0.842";"0.483";"0.677";"-5.91";"0.283";"Can't Buy Me Love";"You Can't Do That";"RIAA Gold";"British Invasion";"Awareness";"Bright";"Pop/Rock";"McCartney";"McCartney";"McCartney, with Lennon";"McCartney";"N";"22";"1";"1";"1";"15";"3";"1";"5";"10";"21";"29";"43";"15";"14";""
"Carry That Weight";"1969";"Abbey Road";"62";1.6;"C";"Major";"84.319";"4";"0.704";"0.543";"0.458";"-8.976";"0.226";"";"";"";"Album Rock";"";"Dramatic";"Symphonic Rock";"McCartney";"McCartney";"McCartney, with Lennon, Harrison and Starkey";"McCartney";"N";"8";"";"";"";"0";"0";"";"0";"";"";"";"";"";"";""
"Chains";"1963";"Please Please Me";"50";2.38;"A#/Bb";"Major";"129.884";"4";"0.929";"0.654";"0.561";"-10.551";"0.608";"";"";"";"British Invasion";"Affection/Fondness";"Amiable/Good-Natured";"Rock and Roll";"Goffin, King";"Other";"Harrison, with Lennon and McCartney";"Harrison";"Y";"";"";"";"";"0";"0";"";"0";"";"";"";"";"";"";""
"Come Together";"1969";"Abbey Road";"81";4.3;"A";"Minor";"165.007";"4";"0.187";"0.533";"0.376";"-11.913";"0.0302";"Something";"Come Together";"RIAA 2xPlatinum";"Album Rock";"";"Atmospheric";"Blues Rock";"Lennon";"Lennon";"Lennon";"Lennon";"N";"53";"4";"1";"";"0";"0";"1";"0";"6";"20";"9";"20";"1";"47";"44"
"Cry Baby Cry";"1968";"The Beatles";"52";3.05;"A";"Minor";"76.644";"4";"0.362";"0.517";"0.529";"-11.851";"0.115";"";"";"";"Contemporary Pop/Rock";"";"Dreamy";"Pop/Rock";"Lennon";"Lennon";"Lennon, with McCartney";"Lennon";"N";"3";"";"";"";"0";"0";"";"0";"";"";"";"";"";"";""
"Day Tripper";"1965";"Past Masters (Vols. 1 & 2 / Remastered)";"44";2.83;"F#/Gb";"Minor";"137.698";"4";"0.729";"0.643";"0.723";"-10.628";"0.104";"We Can Work It Out";"Day Tripper";"RIAA Gold";"British Invasion";"Breakup";"Energetic";"Rock";"Lennon, with McCartney";"Lennon";"Lennon and McCartney";"Lennon and McCartney";"N";"33";"1";"5";"1";"12";"5";"5";"0";"29";"30";"39";"";"40";"34";"30"
"Dear Prudence";"1968";"The Beatles";"61";3.93;"G";"Major";"150.721";"4";"0.332";"0.388";"0.529";"-10.533";"0.16";"";"";"";"British Psychedelia";"Affection/Fondness";"Circular";"Rock";"Lennon";"Lennon";"Lennon";"Lennon";"N";"15";"";"";"";"0";"0";"";"0";"";"";"";"37";"";"50";"6"
"Devil in Her Heart";"1963";"With the Beatles";"49";2.45;"G";"Major";"121.072";"4";"0.966";"0.618";"0.622";"-8.861";"0.227";"";"";"";"British Invasion";"";"Earnest";"Rock";"Drapkin (aka Ricky Dee)";"Other";"Harrison";"Harrison";"Y";"";"";"";"";"0";"0";"";"0";"";"";"";"";"";"";""
"Dig It";"1969";"Let It Be";"48";0.85;"F";"Major";"157.03";"3";"0.67";"0.54";"0.489";"-12.276";"0.659";"";"";"";"Album Rock";"Celebrities";"Freewheeling";"Rock";"Lennon, with McCartney, Harrison and Starkey";"Lennon";"Lennon";"Lennon";"N";"";"";"";"";"0";"0";"";"0";"";"";"";"";"";"";""
"Dig a Pony";"1969";"Let It Be";"54";3.87;"B";"Minor";"59.004";"4";"0.527";"0.538";"0.478";"-8.957";"0.472";"";"";"";"Album Rock";"Adventure";"Freewheeling";"Blues Rock";"Lennon";"Lennon";"Lennon";"Lennon";"N";"3";"";"";"";"0";"0";"";"0";"";"";"";"";"";"";""
"Dizzy Miss Lizzy";"1965";"Help!";"50";2.42;"A";"Major";"136.037";"4";"0.918";"0.373";"0.934";"-6.753";"0.116";"";"";"";"British Invasion";"Partying";"Energetic";"Rock and Roll";"Williams";"Other";"Lennon";"Lennon";"Y";"";"";"";"";"0";"0";"";"0";"";"";"";"";"";"";""
"Do You Want to Know a Secret?";"1963";"Please Please Me";"66";1.93;"E";"Major";"124.451";"4";"0.609";"0.673";"0.349";"-12.414";"0.608";"Do You Want to Know a Secret?";"Thank You Girl";"RIAA Gold";"British Invasion";"Affection/Fondness";"Bright";"Pop/Rock";"Lennon";"Lennon";"Harrison";"Harrison";"N";"7";"";"2";"";"0";"0";"2";"0";"26";"";"";"";"";"";""
"Doctor Robert";"1966";"Revolver";"52";2.25;"E";"Major";"164.626";"4";"0.574";"0.394";"0.64";"-8.992";"0.164";"";"";"";"British Invasion";"Illness";"Bright";"Psychedelic Rock";"Lennon, with McCartney";"Lennon";"Lennon";"Lennon";"N";"1";"";"";"";"0";"0";"";"0";"";"";"";"";"";"";""
"Don't Bother Me";"1963";"With the Beatles";"53";2.48;"D";"Major";"170.377";"4";"0.916";"0.371";"0.724";"-9.792";"0.554";"";"";"";"British Invasion";"Breakup";"Nocturnal";"Rock and Roll";"Harrison";"Harrison";"Harrison";"Harrison";"N";"2";"";"";"";"0";"0";"";"0";"";"";"";"";"";"";""
"Don't Let Me Down";"1969";"Past Masters (Vols. 1 & 2 / Remastered)";"48";3.58;"E";"Major";"163.63";"4";"0.783";"0.486";"0.489";"-8.626";"0.147";"Get Back";"Don't Let Me Down";"RIAA 2xPlatinum";"Contemporary Pop/Rock";"";"Passionate";"Blues Rock";"Lennon";"Lennon";"Lennon";"Lennon";"N";"19";"";"35";"";"0";"0";"";"0";"";"";"46";"";"";"";""
"Don't Pass Me By";"1968";"The Beatles";"52";3.85;"C";"Major";"84.895";"4";"0.946";"0.599";"0.537";"-9.617";"0.594";"";"";"";"Contemporary Pop/Rock";"Feeling Blue";"Amiable/Good-Natured";"Country Rock";"Starkey";"Starkey";"Starkey";"Starkey";"N";"2";"";"";"";"0";"0";"";"0";"";"";"";"";"";"";""
"Drive My Car";"1965";"Rubber Soul";"69";2.47;"D";"Major";"122.463";"4";"0.82";"0.754";"0.571";"-8.547";"0.0173";"";"";"";"British Invasion";"";"Bravado";"Rock";"McCartney, with Lennon";"McCartney";"McCartney, with Lennon";"McCartney";"N";"12";"";"";"";"0";"0";"";"0";"";"43";"43";"";"38";"39";"38"
"Eight Days a Week";"1964";"Beatles for Sale";"69";2.73;"A";"Major";"138.134";"4";"0.744";"0.652";"0.583";"-7.811";"0.412";"Eight Days a Week";"I Don't Want to Spoil the Party";"RIAA Gold";"British Invasion";"In Love";"Bright";"Rock";"McCartney, with Lennon";"McCartney";"Lennon, with McCartney";"Lennon";"N";"6";"";"1";"";"0";"0";"1";"2";"21";"28";"34";"";"28";"";""
"Eleanor Rigby";"1966";"Revolver";"72";2.13;"E";"Minor";"137.831";"4";"0.813";"0.581";"0.28";"-9.091";"0.936";"Yellow Submarine";"Eleanor Rigby";"RIAA Gold";"Baroque Pop";"Introspection";"Eerie";"Baroque Pop";"McCartney";"McCartney";"McCartney";"McCartney";"N";"56";"1";"11";"";"0";"0";"11";"0";"38";"16";"22";"27";"9";"12";"9"
"Every Little Thing";"1964";"Beatles for Sale";"48";2.02;"D";"Major";"123.227";"4";"0.678";"0.74";"0.49";"-9.095";"0.488";"";"";"";"British Invasion";"In Love";"Reflective";"Rock";"McCartney";"McCartney";"Lennon, with McCartney";"Lennon";"N";"1";"";"";"";"0";"0";"";"0";"";"";"";"";"";"";""
"Everybody's Got Something to Hide Except Me and My Monkey";"1968";"The Beatles";"52";2.4;"D";"Major";"117.089";"4";"0.81";"0.523";"0.731";"-8.613";"0.0207";"";"";"";"Contemporary Pop/Rock";"";"Brash";"Hard Rock";"Lennon";"Lennon";"Lennon";"Lennon";"N";"9";"";"";"";"0";"0";"";"0";"";"";"";"";"";"";""
"Everybody's Trying to Be My Baby";"1964";"Beatles for Sale";"46";2.38;"E";"Major";"85.172";"4";"0.943";"0.543";"0.806";"-7.231";"0.466";"";"";"";"British Invasion";"Summer";"Rollicking";"Rock and Roll";"Perkins";"Other";"Harrison";"Harrison";"Y";"";"";"";"";"0";"0";"";"0";"";"";"";"";"";"";""
"Fixing a Hole";"1967";"Sgt. Pepper's Lonely Hearts Club Band";"56";2.43;"C";"Minor";"112.984";"4";"0.619";"0.469";"0.507";"-8.917";"0.382";"";"";"";"Contemporary Pop/Rock";"";"Amiable/Good-Natured";"Psychedelic pop";"McCartney";"McCartney";"McCartney";"McCartney";"N";"5";"";"";"";"0";"0";"";"0";"";"";"";"";"";"49";""
"Flying";"1967";"Magical Mystery Tour";"53";2.28;"C";"Major";"92.929";"4";"0.261";"0.551";"0.395";"-14.755";"0.368";"";"";"";"British Psychedelia";"";"Dreamy";"Psychedelic Rock";"Lennon, McCartney, Harrison and Starkey";"Lennon, McCartney, Harrison and Starkey";"";"None";"N";"2";"";"";"";"0";"0";"";"0";"";"";"";"";"";"";""
"For No One";"1966";"Revolver";"67";2.02;"C#/Db";"Minor";"81.208";"4";"0.713";"0.483";"0.351";"-10.487";"0.783";"";"";"";"British Invasion";"Breakup";"Bittersweet";"Baroque Pop";"McCartney";"McCartney";"McCartney";"McCartney";"N";"10";"";"";"";"0";"0";"";"0";"";"";"40";"18";"";"24";"34"
"For You Blue";"1969";"Let It Be";"52";2.53;"D";"Major";"128.542";"4";"0.955";"0.88";"0.556";"-10.773";"0.24";"The Long and Winding Road";"For You Blue";"RIAA Platinum";"Album Rock";"In Love";"Amiable/Good-Natured";"Country Blues";"Harrison";"Harrison";"Harrison";"Harrison";"N";"1";"";"71";"";"0";"0";"";"0";"";"";"";"";"";"";""
"From Me to You";"1963";"Past Masters (Vols. 1 & 2 / Remastered)";"42";1.93;"G";"Major";"136.125";"4";"0.966";"0.644";"0.66";"-8.513";"0.613";"From Me to You";"Thank You Girl";"";"British Invasion";"In Love";"Bright";"Merseybeat";"Lennon and McCartney";"Lennon and McCartney";"Lennon and McCartney";"Lennon and McCartney";"N";"10";"1";"41";"1";"21";"7";"";"0";"";"44";"";"";"";"";""
"Get Back";"1969";"Let It Be";"70";3.23;"D";"Major";"123.095";"4";"0.332";"0.761";"0.592";"-9.836";"0.492";"Get Back";"Don't Let Me Down";"RIAA 2xPlatinum";"Album Rock";"Argument";"Freewheeling";"Blues Rock";"McCartney";"McCartney";"McCartney";"McCartney";"N";"21";"1";"1";"1";"17";"6";"1";"5";"4";"29";"41";"32";"14";"30";""
"Getting Better";"1967";"Sgt. Pepper's Lonely Hearts Club Band";"56";2.78;"C";"Major";"121.672";"4";"0.764";"0.632";"0.471";"-7.887";"0.313";"";"";"";"Contemporary Pop/Rock";"Reflection";"Bright";"Psychedelic Rock";"McCartney, with Lennon";"McCartney";"McCartney";"McCartney";"N";"11";"";"";"";"0";"0";"";"0";"";"48";"";"";"49";"";""
"Girl";"1965";"Rubber Soul";"66";2.55;"F";"Minor";"96.615";"4";"0.893";"0.699";"0.294";"-13.205";"0.587";"Michelle";"Girl";"";"British Invasion";"Feeling Blue";"Autumnal";"Folk";"Lennon";"Lennon";"Lennon";"Lennon";"N";"11";"";"";"";"0";"0";"";"0";"";"";"";"";"47";"38";""
"Glass Onion";"1968";"The Beatles";"58";2.28;"G";"Minor";"120.432";"4";"0.789";"0.523";"0.51";"-9.827";"0.0123";"";"";"";"British Psychedelia";"Vacation";"Trippy";"Psychedelic Rock";"Lennon";"Lennon";"Lennon";"Lennon";"N";"2";"";"";"";"0";"0";"";"0";"";"";"";"";"46";"";""
"Golden Slumbers";"1969";"Abbey Road";"70";1.52;"C";"Major";"80.608";"4";"0.239";"0.419";"0.152";"-12.126";"0.326";"";"";"";"Album Rock";"";"Dramatic";"Rock";"McCartney";"McCartney";"McCartney";"McCartney";"N";"16";"";"";"";"0";"0";"";"0";"";"";"";"";"45";"";""
"Good Day Sunshine";"1966";"Revolver";"65";2.15;"B";"Major";"117.331";"3";"0.571";"0.77";"0.496";"-8.45";"0.719";"";"";"";"British Invasion";"Playful";"Carefree";"Sunshine Pop";"McCartney";"McCartney";"McCartney";"McCartney";"N";"4";"";"";"";"0";"0";"";"0";"";"";"";"";"";"";""
"Good Morning, Good Morning";"1967";"Sgt. Pepper's Lonely Hearts Club Band";"52";2.68;"D";"Major";"121.849";"3";"0.93";"0.542";"0.618";"-8.876";"0.0858";"";"";"";"British Psychedelia";"Reflection";"Brash";"Rock";"Lennon";"Lennon";"Lennon";"Lennon";"N";"8";"";"";"";"0";"0";"";"0";"";"";"";"";"";"";""
"Good Night";"1968";"The Beatles";"51";3.18;"G";"Major";"146.408";"3";"0.178";"0.146";"0.355";"-14.583";"0.865";"";"";"";"Lullabies";"Family Gatherings";"Amiable/Good-Natured";"Orchestral Pop";"Lennon";"Lennon";"Starkey";"Starkey";"N";"7";"";"";"";"0";"0";"";"0";"";"";"";"";"";"";""
"Got to Get You Into My Life";"1966";"Revolver";"60";2.45;"C";"Major";"136.679";"4";"0.711";"0.521";"0.524";"-6.136";"0.42";"Got to Get You into My Life";"Helter Skelter";"RIAA Gold";"British Invasion";"";"Bright";"R&B";"McCartney";"McCartney";"McCartney";"McCartney";"N";"10";"";"7";"";"0";"0";"7";"0";"23";"26";"50";"28";"";"";""
"Happiness Is a Warm Gun";"1968";"The Beatles";"61";2.72;"A";"Minor";"139.288";"4";"0.44";"0.431";"0.54";"-9.6";"0.523";"";"";"";"British Psychedelia";"";"Complex";"Pop/Rock";"Lennon";"Lennon";"Lennon";"Lennon";"N";"11";"";"";"";"0";"0";"";"0";"";"";"24";"";"50";"41";""
"Hello, Goodbye";"1967";"Magical Mystery Tour";"63";3.45;"C";"Major";"99.307";"4";"0.806";"0.479";"0.733";"-8.753";"0.306";"Hello, Goodbye";"I Am the Walrus";"RIAA Gold";"British Psychedelia";"";"Cheerful";"Pop/Rock";"McCartney";"McCartney";"McCartney";"McCartney";"N";"6";"1";"1";"1";"12";"7";"1";"3";"7";"45";"";"";"22";"";""
"Help!";"1965";"Help!";"74";2.3;"F#/Gb";"Minor";"95.003";"4";"0.763";"0.534";"0.725";"-7.576";"0.188";"Help!";"I'm Down";"RIAA Gold";"British Invasion";"Feeling Blue";"Angst-Ridden";"Folk Rock";"Lennon, with McCartney";"Lennon";"Lennon";"Lennon";"N";"43";"1";"1";"1";"14";"3";"1";"3";"14";"13";"15";"41";"4";"8";"36"
"Helter Skelter";"1968";"The Beatles";"63";4.5;"A";"Major";"167.518";"4";"0.281";"0.166";"0.831";"-8.469";"0.000606";"Got to Get You into My Life";"Helter Skelter";"RIAA Gold";"Album Rock";"";"Aggressive";"Hard Rock";"McCartney";"McCartney";"McCartney";"McCartney";"N";"24";"";"";"";"0";"0";"";"0";"";"31";"";"";"";"31";""
"Her Majesty";"1969";"Abbey Road";"27";0.38;"D";"Major";"100.874";"3";"0.522";"0.703";"0.215";"-23.03";"0.728";"";"";"";"Contemporary Pop/Rock";"";"Bright";"Music Hall";"McCartney";"McCartney";"McCartney";"McCartney";"N";"1";"";"";"";"0";"0";"";"0";"";"";"";"";"";"";""
"Here Comes the Sun";"1969";"Abbey Road";"87";3.1;"A";"Major";"129.171";"4";"0.394";"0.557";"0.54";"-10.484";"0.0339";"";"";"";"Album Rock";"Day Driving";"Bright";"Folk Pop";"Harrison";"Harrison";"Harrison";"Harrison";"N";"27";"";"";"";"0";"0";"";"0";"";"32";"28";"4";"5";"9";"16"
"Here, There and Everywhere";"1966";"Revolver";"70";2.42;"G";"Major";"165.361";"4";"0.36";"0.29";"0.247";"-12.125";"0.921";"";"";"";"British Invasion";"Comfort";"Calm/Peaceful";"Soft Rock";"McCartney";"McCartney";"McCartney";"McCartney";"N";"29";"";"";"";"0";"0";"";"0";"";"";"25";"38";"";"";"7"
"Hey Bulldog";"1968";"Yellow Submarine";"55";3.23;"G";"Major";"100.495";"4";"0.947";"0.587";"0.617";"-9.164";"0.0197";"All Together Now";"Hey Bulldog";"";"Contemporary Pop/Rock";"Cool & Cocky";"Fiery";"Psychedelic Rock";"Lennon";"Lennon";"Lennon";"Lennon";"N";"11";"";"";"";"0";"0";"";"0";"";"";"";"11";"";"";""
"Hey Jude";"1968";"Past Masters (Vols. 1 & 2 / Remastered)";"51";7.18;"A#/Bb";"Major";"147.114";"4";"0.649";"0.399";"0.573";"-9.44";"0.0293";"Hey Jude";"Revolution";"RIAA 4xPlatinum";"Contemporary Pop/Rock";"Affection/Fondness";"Dramatic";"Rock";"McCartney";"McCartney";"McCartney";"McCartney";"N";"38";"1";"1";"1";"16";"2";"1";"9";"1";"11";"7";"10";"6";"4";"20"
"Hold Me Tight";"1963";"With the Beatles";"50";2.53;"F";"Major";"135.731";"4";"0.963";"0.54";"0.744";"-9.637";"0.664";"";"";"";"British Invasion";"";"Bright";"Rock & Roll";"McCartney, with Lennon";"McCartney";"McCartney";"McCartney";"N";"4";"";"";"";"0";"0";"";"0";"";"";"";"";"";"";""
"Honey Don't";"1964";"Beatles for Sale";"46";2.88;"E";"Major";"162.438";"4";"0.735";"0.629";"0.545";"-11.466";"0.473";"";"";"";"British Invasion";"";"Rollicking";"Rockabilly";"Perkins";"Other";"Starkey";"Starkey";"Y";"";"";"";"";"0";"0";"";"0";"";"";"";"";"";"";""
"Honey Pie";"1968";"The Beatles";"53";2.68;"G";"Major";"144.197";"4";"0.553";"0.537";"0.297";"-15.452";"0.88";"";"";"";"Contemporary Pop/Rock";"";"Amiable/Good-Natured";"Music Hall";"McCartney";"McCartney";"McCartney";"McCartney";"N";"5";"";"";"";"0";"0";"";"0";"";"";"";"";"";"";""
"I Am the Walrus";"1967";"Magical Mystery Tour";"64";4.55;"D";"Major";"85.206";"4";"0.654";"0.401";"0.556";"-10.532";"0.0828";"Hello, Goodbye";"I Am the Walrus";"RIAA Gold";"British Psychedelia";"";"Acerbic";"Psychedelic Rock";"Lennon";"Lennon";"Lennon";"Lennon";"N";"18";"";"56";"";"0";"0";"";"0";"";"27";"33";"9";"29";"";"35"
"I Call Your Name";"1964";"Past Masters (Vols. 1 & 2 / Remastered)";"42";2.15;"A";"Major";"125.763";"4";"0.962";"0.69";"0.691";"-7.057";"0.313";"";"";"";"British Invasion";"Heartache";"Bright";"Rock";"Lennon";"Lennon";"Lennon";"Lennon";"N";"3";"";"";"";"0";"0";"";"0";"";"";"";"";"";"";""
"I Don't Want to Spoil the Party";"1964";"Beatles for Sale";"46";2.55;"G";"Major";"95.438";"4";"0.889";"0.533";"0.668";"-7.237";"0.451";"Eight Days a Week; I'll Follow the Sun";"I Don't Want to Spoil the Party; I Don't Want to Spoil the Party";"RIAA Gold";"British Invasion";"Feeling Blue";"Autumnal";"Country Rock";"Lennon";"Lennon";"Lennon";"Lennon";"N";"3";"";"39";"";"0";"0";"39";"0";"49";"";"";"";"";"";""
"I Feel Fine";"1964";"Past Masters (Vols. 1 & 2 / Remastered)";"40";2.42;"G";"Major";"90.138";"4";"0.769";"0.571";"0.788";"-8.159";"0.311";"I Feel Fine";"She's a Woman";"RIAA Gold";"British Invasion";"In Love";"Bright";"Rock";"Lennon";"Lennon";"Lennon";"Lennon";"N";"10";"1";"1";"1";"13";"5";"1";"3";"11";"47";"42";"";"";"46";""
"I Me Mine";"1969";"Let It Be";"57";2.42;"A";"Minor";"185.235";"3";"0.525";"0.291";"0.638";"-7.854";"0.179";"";"";"";"Album Rock";"Introspection";"Acerbic";"Folk blues";"Harrison";"Harrison";"Harrison";"Harrison";"N";"1";"";"";"";"0";"0";"";"0";"";"";"";"";"";"";""
"I Need You";"1965";"Help!";"57";2.47;"A";"Major";"136.215";"4";"0.638";"0.601";"0.489";"-8.554";"0.277";"";"";"";"British Invasion";"Feeling Blue";"Yearning";"Pop/Rock";"Harrison";"Harrison";"Harrison";"Harrison";"N";"1";"";"";"";"0";"0";"";"0";"";"";"";"";"";"";""
"I Saw Her Standing There";"1963";"Please Please Me";"71";2.92;"E";"Major";"160.109";"4";"0.971";"0.491";"0.801";"-9.835";"0.27";"I Want to Hold Your Hand";"I Saw Her Standing There";"RIAA Gold";"British Invasion";"New Love";"Energetic";"Rock and Roll";"McCartney, with Lennon";"McCartney";"McCartney, with Lennon";"McCartney";"N";"29";"90";"14";"";"0";"0";"12";"0";"36";"17";"16";"31";"";"17";"21"
"I Should Have Known Better";"1964";"A Hard Day's Night";"59";2.73;"G";"Major";"130.704";"4";"0.91";"0.682";"0.444";"-7.689";"0.257";"A Hard Day's Night";"I Should Have Known Better";"RIAA Gold";"British Invasion";"Awareness";"Bright";"Pop/Rock";"Lennon";"Lennon";"Lennon";"Lennon";"N";"5";"8";"53";"";"0";"0";"";"0";"";"";"36";"";"";"";""
"I Wanna Be Your Man";"1963";"With the Beatles";"49";1.72;"A";"Major";"99.138";"4";"0.683";"0.553";"0.914";"-8.232";"0.477";"";"";"";"British Invasion";"Cool & Cocky";"Gritty";"Rock and Roll";"McCartney, with Lennon";"McCartney";"Starkey";"Starkey";"N";"3";"";"";"";"0";"0";"";"0";"";"";"";"";"";"";""
"I Want You (She's So Heavy)";"1969";"Abbey Road";"65";7.78;"D";"Minor";"115.732";"4";"0.42";"0.37";"0.515";"-9.487";"0.0233";"";"";"";"Album Rock";"";"Dramatic";"Blues Rock";"Lennon";"Lennon";"Lennon";"Lennon";"N";"16";"";"";"";"0";"0";"";"0";"";"";"";"44";"";"";""
"I Want to Hold Your Hand";"1963";"Past Masters (Vols. 1 & 2 / Remastered)";"41";2.4;"G";"Major";"131.011";"4";"0.916";"0.492";"0.73";"-6.434";"0.57";"I Want to Hold Your Hand";"This Boy";"";"British Invasion";"Affection/Fondness";"Bright";"Rock and Roll";"Lennon and McCartney";"Lennon and McCartney";"Lennon and McCartney";"Lennon and McCartney";"N";"29";"1";"1";"1";"22";"5";"1";"7";"2";"9";"2";"3";"16";"18";"49"
"I Want to Tell You";"1966";"Revolver";"52";2.48;"A";"Major";"127.492";"4";"0.449";"0.493";"0.525";"-9.289";"0.182";"";"";"";"British Invasion";"";"Bright";"Psychedelic Rock";"Harrison";"Harrison";"Harrison";"Harrison";"N";"5";"";"";"";"0";"0";"";"0";"";"";"";"";"";"";""
"I Will";"1968";"The Beatles";"68";1.77;"F";"Major";"103.11";"4";"0.832";"0.631";"0.387";"-11.529";"0.742";"";"";"";"Contemporary Pop/Rock";"In Love";"Amiable/Good-Natured";"Folk";"McCartney";"McCartney";"McCartney";"McCartney";"N";"12";"";"";"";"0";"0";"";"0";"";"";"";"";"";"";""
"I'll Be Back";"1964";"A Hard Day's Night";"53";2.33;"A";"Major";"123.902";"4";"0.641";"0.721";"0.527";"-7.224";"0.744";"";"";"";"British Invasion";"Goodbyes";"Bittersweet";"Rock";"Lennon";"Lennon";"Lennon, with McCartney";"Lennon";"N";"9";"";"";"";"0";"0";"";"0";"";"";"";"";"";"";""
"I'll Cry Instead";"1964";"A Hard Day's Night";"49";2.15;"G";"Major";"96.711";"4";"0.96";"0.643";"0.73";"-6.859";"0.0917";"I'll Cry Instead";"I'm Happy Just to Dance with You";"";"British Invasion";"Feeling Blue";"Acerbic";"Rock and Roll";"Lennon";"Lennon";"Lennon";"Lennon";"N";"3";"";"25";"";"0";"0";"25";"0";"43";"";"";"";"";"";"37"
"I'll Follow the Sun";"1964";"Beatles for Sale";"69";1.77;"C";"Major";"133.754";"4";"0.625";"0.689";"0.313";"-10.073";"0.789";"I'll Follow the Sun";"I Don't Want to Spoil the Party";"";"British Invasion";"";"Bittersweet";"Folk Rock";"McCartney";"McCartney";"McCartney, with Lennon";"McCartney";"N";"6";"";"";"";"0";"0";"";"0";"";"";"";"";"";"27";""
"I'll Get You";"1963";"Past Masters (Vols. 1 & 2 / Remastered)";"42";2.07;"A";"Major";"125.7";"4";"0.962";"0.653";"0.75";"-6.531";"0.616";"She Loves You; Sie Liebt Dich";"I'll Get You; I'll Get You";"";"";"";"";"Merseybeat";"Lennon and McCartney";"Lennon and McCartney";"Lennon, with McCartney";"Lennon";"N";"3";"";"";"";"0";"0";"";"0";"";"";"";"";"";"";""
"I'm Down";"1965";"Past Masters (Vols. 1 & 2 / Remastered)";"43";2.55;"G";"Major";"82.077";"4";"0.937";"0.439";"0.813";"-8.304";"0.563";"Help!";"I'm Down";"RIAA Gold";"British Invasion";"";"Energetic";"Rock and Roll";"McCartney";"McCartney";"McCartney";"McCartney";"N";"7";"";"101";"";"0";"0";"";"0";"";"";"";"";"";"";""
"I'm Happy Just to Dance with You";"1964";"A Hard Day's Night";"57";1.97;"F#/Gb";"Minor";"132.115";"4";"0.887";"0.658";"0.537";"-7.535";"0.138";"I'll Cry Instead";"I'm Happy Just to Dance with You";"";"British Invasion";"New Love";"Bright";"Rock";"Lennon and McCartney";"Lennon and McCartney";"Harrison";"Harrison";"N";"5";"";"95";"";"0";"0";"";"0";"";"";"";"";"";"";""
"I'm Looking Through You";"1965";"Rubber Soul";"60";2.45;"C#/Db";"Major";"85.843";"4";"0.774";"0.667";"0.498";"-11.027";"0.00772";"";"";"";"British Invasion";"Feeling Blue";"Autumnal";"Folk Rock";"McCartney";"McCartney";"McCartney, with Lennon";"McCartney";"N";"7";"";"";"";"0";"0";"";"0";"";"";"";"";"";"";""
"I'm Only Sleeping";"1966";"Revolver";"60";3.03;"G#/Ab";"Minor";"103.477";"4";"0.698";"0.494";"0.47";"-9.599";"0.21";"";"";"";"British Invasion";"Stay in Bed";"Dreamy";"Psychedelic Rock";"Lennon";"Lennon";"Lennon";"Lennon";"N";"7";"";"";"";"0";"0";"";"0";"";"";"";"";"";"48";""
"I'm So Tired";"1968";"The Beatles";"58";2.05;"A";"Major";"68.492";"4";"0.717";"0.433";"0.483";"-9.422";"0.656";"";"";"";"Contemporary Pop/Rock";"Feeling Blue";"Bittersweet";"Blues Rock";"Lennon";"Lennon";"Lennon";"Lennon";"N";"5";"";"";"";"0";"0";"";"0";"";"";"";"";"";"";""
"I'm a Loser";"1964";"Beatles for Sale";"50";2.52;"G";"Major";"89.877";"4";"0.856";"0.492";"0.628";"-7.813";"0.567";"Rock and Roll Music";"I'm a Loser";"";"British Invasion";"Heartache";"Angst-Ridden";"Folk Rock";"Lennon";"Lennon";"Lennon";"Lennon";"N";"5";"";"";"";"0";"0";"";"0";"";"";"";"";"";"";""
"I've Got a Feeling";"1969";"Let It Be";"59";3.62;"D";"Major";"165.156";"4";"0.364";"0.44";"0.609";"-8.824";"0.0715";"";"";"";"Album Rock";"New Love";"Freewheeling";"Blues Rock";"McCartney, with Lennon";"McCartney";"McCartney, with Lennon";"McCartney";"N";"6";"";"";"";"0";"0";"";"0";"";"";"";"";"";"";""
"I've Just Seen a Face";"1965";"Help!";"66";2.12;"A";"Major";"120.418";"3";"0.913";"0.647";"0.56";"-8.809";"0.723";"";"";"";"British Invasion";"In Love";"Fun";"Folk Rock";"McCartney";"McCartney";"McCartney";"McCartney";"N";"15";"";"";"";"0";"0";"";"0";"";"";"";"";"";"";""
"If I Fell";"1964";"A Hard Day's Night";"67";2.37;"D";"Major";"108.211";"4";"0.568";"0.665";"0.31";"-8.928";"0.68";"And I Love Her; If I Fell";"If I Fell; Tell Me Why";"";"British Invasion";"Heartache";"Poignant";"Pop/Rock";"Lennon";"Lennon";"Lennon, with McCartney";"Lennon";"N";"14";"";"53";"";"0";"0";"";"0";"";"";"26";"";"";"";""
"If I Needed Someone";"1965";"Rubber Soul";"56";2.38;"A";"Major";"127.387";"4";"0.796";"0.492";"0.755";"-9.273";"0.00748";"";"";"";"British Invasion";"";"Reflective";"Folk Rock";"Harrison";"Harrison";"Harrison";"Harrison";"N";"8";"";"";"";"0";"0";"";"0";"";"";"";"";"";"";""
"In My Life";"1965";"Rubber Soul";"79";2.47;"A";"Major";"103.239";"4";"0.435";"0.688";"0.435";"-11.359";"0.449";"";"";"";"British Invasion";"Introspection";"Autumnal";"Baroque Pop";"Lennon and McCartney";"Lennon and McCartney";"Lennon";"Lennon";"N";"38";"78";"";"";"0";"0";"";"0";"";"5";"5";"12";"34";"2";"42"
"It Won't Be Long";"1963";"With the Beatles";"54";2.22;"E";"Major";"133.117";"4";"0.862";"0.472";"0.673";"-8.853";"0.284";"";"";"";"British Invasion";"";"Bright";"Rock";"Lennon, with McCartney";"Lennon";"Lennon";"Lennon";"N";"7";"";"";"";"0";"0";"";"0";"";"";"";"";"";"";""
"It's All Too Much";"1967";"Yellow Submarine";"44";6.47;"G";"Major";"113.511";"4";"0.199";"0.39";"0.781";"-7.878";"4.3e-05";"";"";"";"British Psychedelia";"Late Night";"Circular";"Psychedelic Rock";"Harrison";"Harrison";"Harrison";"Harrison";"N";"4";"";"";"";"0";"0";"";"0";"";"";"";"";"";"";""
"It's Only Love";"1965";"Help!";"56";1.92;"C";"Major";"113.155";"3";"0.685";"0.629";"0.551";"-8.281";"0.22";"";"";"";"British Invasion";"Breakup";"Bittersweet";"Folk Rock";"Lennon";"Lennon";"Lennon";"Lennon";"N";"3";"";"";"";"0";"0";"";"0";"";"";"";"";"";"";""
"Julia";"1968";"The Beatles";"57";2.9;"D";"Major";"134.706";"4";"0.193";"0.512";"0.0953";"-16.082";"0.828";"Ob-La-Di, Ob-La-Da";"Julia";"";"Contemporary Pop/Rock";"Heartache";"Calm/Peaceful";"Folk";"Lennon";"Lennon";"Lennon";"Lennon";"N";"5";"";"";"";"0";"0";"";"0";"";"";"";"48";"";"43";"50"
"Kansas City / Hey, Hey, Hey, Hey";"1964";"Beatles for Sale";"47";2.72;"G";"Major";"131.36";"4";"0.924";"0.588";"0.724";"-6.63";"0.614";"Boys";"Kansas City/Hey, Hey, Hey, Hey";"";"British Invasion";"Celebration";"Amiable/Good-Natured";"R&B";"Leiber, Stoller/Penniman";"Other";"McCartney";"McCartney";"Y";"";"";"";"";"0";"0";"";"0";"";"";"";"";"";"";""
"Lady Madonna";"1968";"Past Masters (Vols. 1 & 2 / Remastered)";"39";2.27;"D";"Major";"109.11";"4";"0.78";"0.631";"0.748";"-7.604";"0.385";"Lady Madonna";"The Inner Light";"RIAA Platinum";"British Invasion";"Christmas";"Amiable/Good-Natured";"Rock and Roll";"McCartney, with Lennon";"McCartney";"McCartney";"McCartney";"N";"20";"1";"4";"1";"8";"2";"4";"0";"22";"";"";"";"36";"";""
"Let It Be";"1969";"Let It Be";"81";4.05;"C";"Major";"143.462";"4";"0.41";"0.443";"0.403";"-8.339";"0.631";"Let It Be";"You Know My Name (Look Up the Number)";"RIAA 2xPlatinum";"Album Rock";"Comfort";"Calm/Peaceful";"Rock";"McCartney";"McCartney";"McCartney";"McCartney";"N";"45";"2";"1";"2";"10";"0";"1";"2";"5";"6";"8";"13";"2";"10";"15"
"Little Child";"1963";"With the Beatles";"46";1.8;"A";"Major";"75.596";"4";"0.886";"0.526";"0.858";"-8.533";"0.292";"";"";"";"British Invasion";"";"Bright";"Rock and Roll";"Lennon and McCartney";"Lennon and McCartney";"Lennon and McCartney";"Lennon and McCartney";"N";"2";"";"";"";"0";"0";"";"0";"";"";"";"";"";"";""
"Long Tall Sally";"1964";"Past Masters (Vols. 1 & 2 / Remastered)";"44";2.17;"C";"Major";"172.467";"4";"0.917";"0.383";"0.77";"-7.096";"0.209";"";"";"";"British Invasion";"";"";"Rock and Roll";"Blackwell, Johnson, Penniman";"Other";"McCartney";"McCartney";"Y";"";"";"";"";"0";"0";"";"0";"";"";"";"";"";"";""
"Long, Long, Long";"1968";"The Beatles";"52";3.07;"F";"Major";"104.837";"3";"0.163";"0.349";"0.129";"-15.883";"0.539";"";"";"";"Contemporary Pop/Rock";"Introspection";"Atmospheric";"Psychedelic Folk";"Harrison";"Harrison";"Harrison";"Harrison";"N";"3";"";"";"";"0";"0";"";"0";"";"";"";"46";"";"";""
"Love Me Do";"1962";"Please Please Me";"71";2.37;"C";"Major";"147.997";"4";"0.744";"0.52";"0.829";"-6.228";"0.386";"Love Me Do";"P.S. I Love You";"RIAA Platinum";"British Invasion";"Feeling Blue";"Yearning";"Merseybeat";"McCartney, with Lennon";"McCartney";"McCartney, with Lennon";"McCartney";"N";"9";"4";"1";"17";"18";"0";"1";"0";"16";"";"";"";"13";"";""
"Love You to";"1966";"Revolver";"53";3.02;"F";"Major";"123.986";"4";"0.707";"0.391";"0.593";"-8.999";"0.7";"";"";"";"British Psychedelia";"";"Trippy";"Indian Music";"Harrison";"Harrison";"Harrison";"Harrison";"N";"";"";"";"";"0";"0";"";"0";"";"";"";"";"";"";""
"Lovely Rita";"1967";"Sgt. Pepper's Lonely Hearts Club Band";"56";2.7;"G#/Ab";"Minor";"87.379";"4";"0.63";"0.61";"0.471";"-9.151";"0.0634";"";"";"";"British Psychedelia";"Day Driving";"Bright";"Psychedelic Folk";"McCartney";"McCartney";"McCartney";"McCartney";"N";"7";"";"";"";"0";"0";"";"0";"";"";"";"";"";"";"19"
"Lucy in the Sky with Diamonds";"1967";"Sgt. Pepper's Lonely Hearts Club Band";"70";3.47;"D";"Major";"65.09";"1";"0.668";"0.311";"0.325";"-9.042";"0.0469";"";"";"";"British Psychedelia";"The Creative Side";"Ambitious";"Psychedelic Rock";"Lennon with McCartney";"Lennon";"Lennon";"Lennon";"N";"17";"";"";"";"0";"0";"";"0";"";"39";"19";"39";"11";"21";""
"Maggie Mae";"1969";"Let It Be";"51";0.67;"D";"Minor";"169.039";"4";"0.524";"0.516";"0.515";"-12.035";"0.379";"";"";"";"Alternative/Indie Rock";"Biographical";"Carefree";"Skiffle";"Traditional, arr. Lennon, McCartney, Harrison, Starkey";"Other";"Lennon";"Lennon";"Y";"";"";"";"";"0";"0";"";"0";"";"";"";"";"";"";""
"Magical Mystery Tour";"1967";"Magical Mystery Tour";"56";2.85;"A";"Major";"170.962";"4";"0.338";"0.297";"0.613";"-9.065";"0.0385";"";"";"";"British Psychedelia";"";"Brash";"Psychedelic Rock";"McCartney, with Lennon";"McCartney";"McCartney";"McCartney";"N";"5";"";"";"2";"12";"0";"";"0";"";"";"";"";"";"";""
"Martha My Dear";"1968";"The Beatles";"56";2.47;"A#/Bb";"Major";"177.624";"4";"0.824";"0.472";"0.292";"-11.591";"0.872";"";"";"";"Baroque Pop";"Affection/Fondness";"Amiable/Good-Natured";"Music Hall";"McCartney";"McCartney";"McCartney";"McCartney";"N";"6";"";"";"";"0";"0";"";"0";"";"";"";"";"";"";""
"Matchbox";"1964";"Past Masters (Vols. 1 & 2 / Remastered)";"37";1.95;"D";"Major";"160.07";"4";"0.963";"0.344";"0.796";"-7.729";"0.428";"Matchbox";"Slow Down";"";"British Invasion";"Cool & Cocky";"Amiable/Good-Natured";"Rock and roll";"Perkins, Jefferson";"Other";"Starkey (Best)";"Starkey";"Y";"";"";"17";"";"0";"0";"17";"0";"40";"";"";"";"";"";""
"Maxwell's Silver Hammer";"1969";"Abbey Road";"61";3.45;"D";"Major";"131.12";"4";"0.726";"0.764";"0.426";"-11.045";"0.629";"";"";"";"Album Rock";"";"Humorous";"Rock";"McCartney";"McCartney";"McCartney";"McCartney";"N";"2";"";"";"";"0";"0";"";"0";"";"";"";"";"42";"";""
"Mean Mr. Mustard";"1969";"Abbey Road";"58";1.1;"E";"Major";"100.687";"4";"0.97";"0.676";"0.596";"-9.107";"0.0699";"";"";"";"Album Rock";"";"Irreverent";"Pop/Rock";"Lennon";"Lennon";"Lennon";"Lennon";"N";"2";"";"";"";"0";"0";"";"0";"";"";"";"";"";"";""
"Michelle";"1965";"Rubber Soul";"70";2.67;"F";"Minor";"117.403";"4";"0.666";"0.578";"0.29";"-12.501";"0.652";"Michelle";"Girl";"";"British Invasion";"In Love";"Intimate";"Pop/Rock";"McCartney, with Lennon";"McCartney";"McCartney";"McCartney";"N";"32";"";"";"";"0";"0";"";"0";"";"";"";"33";"39";"45";""
"Misery";"1963";"Please Please Me";"54";1.78;"C";"Major";"133.348";"4";"0.882";"0.591";"0.605";"-10.925";"0.707";"Misery; Roll Over Beethoven";"Ask Me Why; Misery";"";"British Invasion";"Feeling Blue";"Bright";"Pop/Rock";"Lennon, with McCartney";"Lennon";"Lennon, with McCartney";"Lennon";"N";"3";"";"";"";"0";"0";"";"0";"";"";"";"";"";"";""
"Money (That's What I Want)";"1963";"With the Beatles";"51";2.78;"B";"Minor";"128.816";"1";"0.923";"0.545";"0.853";"-8.369";"0.425";"";"";"";"British Invasion";"";"Energetic";"Pop/Rock";"Gordy, Bradford";"Other";"Lennon";"Lennon";"Y";"";"";"";"";"0";"0";"";"0";"";"";"";"";"";"";"14"
"Mother Nature's Son";"1968";"The Beatles";"57";2.8;"D";"Major";"84.78";"4";"0.401";"0.608";"0.178";"-17.109";"0.634";"";"";"";"Contemporary Pop/Rock";"The Great Outdoors";"Carefree";"Folk";"McCartney";"McCartney";"McCartney";"McCartney";"N";"11";"";"";"";"0";"0";"";"0";"";"";"";"";"";"";""
"Mr. Moonlight";"1964";"Beatles for Sale";"48";2.58;"F#/Gb";"Major";"126.127";"5";"0.589";"0.631";"0.424";"-9.106";"0.796";"";"";"";"British Invasion";"";"Atmospheric";"Folk Rock";"Johnson";"Other";"Lennon";"Lennon";"Y";"";"";"";"";"0";"0";"";"0";"";"";"";"";"";"";""
"No Reply";"1964";"Beatles for Sale";"55";2.25;"C";"Major";"124.251";"4";"0.869";"0.718";"0.593";"-9.976";"0.67";"No Reply";"Rock and Roll Music";"";"British Invasion";"Breakup";"Anguished/Distraught";"Folk Rock";"Lennon, with McCartney";"Lennon";"Lennon, with McCartney";"Lennon";"N";"3";"";"";"";"0";"0";"";"0";"";"";"45";"";"";"";""
"Norwegian Wood (This Bird Has Flown)";"1965";"Rubber Soul";"75";2.08;"E";"Major";"176.625";"3";"0.65";"0.425";"0.369";"-11.876";"0.183";"";"";"";"British Invasion";"Feeling Blue";"Autumnal";"Folk Rock";"Lennon, with McCartney";"Lennon";"Lennon";"Lennon";"N";"30";"";"";"";"0";"0";"";"0";"";"15";"12";"26";"37";"11";"8"
"Not a Second Time";"1963";"With the Beatles";"48";2.13;"G";"Major";"124.848";"4";"0.961";"0.471";"0.817";"-9.999";"0.213";"";"";"";"British Invasion";"";"Earnest";"Rock";"Lennon";"Lennon";"Lennon";"Lennon";"N";"2";"";"";"";"0";"0";"";"0";"";"";"";"";"";"";""
"Nowhere Man";"1965";"Rubber Soul";"67";2.73;"E";"Major";"121.402";"4";"0.687";"0.534";"0.624";"-9.589";"0.00797";"Nowhere Man";"What Goes On";"RIAA Gold";"British Invasion";"Introspection";"Bright";"Folk Rock";"Lennon";"Lennon";"Lennon";"Lennon";"N";"21";"";"3";"";"0";"0";"3";"0";"27";"40";"";"45";"";"36";"17"
"Ob-la-di, Ob-la-da";"1968";"The Beatles";"74";3.12;"A#/Bb";"Major";"113.059";"4";"0.975";"0.818";"0.728";"-8.331";"0.232";"Ob-La-Di, Ob-La-Da; Ob-La-Di, Ob-La-Da";"While My Guitar Gently Weeps; Julia";"";"Contemporary Pop/Rock";"";"Amiable/Good-Natured";"Ska";"McCartney";"McCartney";"McCartney";"McCartney";"N";"16";"";"49";"";"0";"0";"";"0";"";"";"";"";"35";"";""
"Octopus's Garden";"1969";"Abbey Road";"68";2.8;"C#/Db";"Minor";"92.225";"4";"0.73";"0.626";"0.512";"-9.15";"0.155";"";"";"";"Album Rock";"At the Beach";"Amiable/Good-Natured";"Rock";"Starkey, with uncredited assistance from Harrison";"Starkey";"Starkey";"Starkey";"N";"3";"";"";"";"0";"0";"";"0";"";"";"";"";"25";"";""
"Oh! Darling";"1969";"Abbey Road";"69";3.43;"E";"Major";"173.93";"3";"0.549";"0.422";"0.656";"-8.412";"0.0126";"";"";"";"Album Rock";"";"Bravado";"Swamp Pop";"McCartney";"McCartney";"McCartney";"McCartney";"N";"14";"";"";"";"0";"0";"";"0";"";"";"";"";"33";"";""
"Old Brown Shoe";"1969";"Past Masters (Vols. 1 & 2 / Remastered)";"38";3.27;"C#/Db";"Major";"142.849";"4";"0.396";"0.529";"0.781";"-9.662";"0.00171";"The Ballad of John and Yoko";"Old Brown Shoe";"RIAA Gold";"Album Rock";"";"Freewheeling";"Blues Rock";"Harrison";"Harrison";"Harrison";"Harrison";"N";"2";"";"";"";"0";"0";"";"0";"";"";"";"";"";"";""
"One After 909";"1969";"Let It Be";"51";2.87;"E";"Major";"90.95";"4";"0.888";"0.554";"0.828";"-6.435";"0.0307";"";"";"";"Album Rock";"Biographical";"Freewheeling";"Roots Rock";"Lennon";"Lennon";"Lennon, with McCartney";"Lennon";"N";"5";"";"";"";"0";"0";"";"0";"";"";"";"";"";"";""
"Only a Northern Song";"1967";"Yellow Submarine";"43";3.45;"A";"Major";"209.242";"4";"0.801";"0.175";"0.731";"-8.341";"0.000341";"";"";"";"British Psychedelia";"";"Druggy";"Psychedelic Rock";"Harrison";"Harrison";"Harrison";"Harrison";"N";"";"";"";"";"0";"0";"";"0";"";"";"";"";"";"";""
"P.S. I Love You";"1962";"Please Please Me";"54";2.1;"D";"Major";"134.435";"4";"0.77";"0.635";"0.656";"-8.5";"0.389";"Love Me Do";"P.S. I Love You";"RIAA Platinum";"British Invasion";"Affection/Fondness";"Amiable/Good-Natured";"Merseybeat";"McCartney, with Lennon";"McCartney";"McCartney";"McCartney";"N";"4";"4";"10";"";"0";"0";"10";"0";"34";"";"";"";"";"";""
"Paperback Writer";"1966";"Past Masters (Vols. 1 & 2 / Remastered)";"40";2.3;"G";"Major";"157.251";"4";"0.727";"0.49";"0.724";"-8.109";"0.189";"Paperback Writer";"Rain";"RIAA Gold";"British Invasion";"";"Energetic";"Hard Rock";"McCartney";"McCartney";"McCartney";"McCartney";"N";"8";"1";"1";"1";"11";"2";"1";"2";"19";"33";"35";"17";"";"42";"40"
"Penny Lane";"1966";"Magical Mystery Tour";"67";3.05;"A";"Major";"113.038";"4";"0.49";"0.651";"0.488";"-8.22";"0.212";"Penny Lane";"Strawberry Fields Forever";"RIAA Gold";"British Psychedelia";"Reflection";"Cheerful";"Progressive Pop";"McCartney";"McCartney";"McCartney";"McCartney";"N";"13";"2";"1";"2";"11";"0";"1";"0";"24";"8";"32";"29";"17";"23";"3"
"Piggies";"1968";"The Beatles";"52";2.07;"G#/Ab";"Major";"93.245";"4";"0.52";"0.542";"0.445";"-9.105";"0.643";"";"";"";"Baroque Pop";"";"Acerbic";"Baroque Pop";"Harrison";"Harrison";"Harrison";"Harrison";"N";"2";"";"";"";"0";"0";"";"0";"";"";"";"";"";"";""
"Please Mr. Postman";"1963";"With the Beatles";"58";2.6;"A";"Major";"122.546";"4";"0.961";"0.552";"0.644";"-9.129";"0.675";"Roll Over Beethoven";"Please Mr. Postman";"";"British Invasion";"";"Bright";"Rock and Roll";"Dobbins, Garrett, Holland, Bateman, Gorman";"Other";"Lennon";"Lennon";"Y";"";"";"";"";"0";"0";"";"0";"";"";"";"";"";"";""
"Please Please Me";"1962";"Please Please Me";"61";2.0;"E";"Major";"139.388";"4";"0.706";"0.527";"0.48";"-9.61";"0.334";"Please Please Me; Please Please Me";"Ask Me Why; From Me to You";"RIAA Platinum";"British Invasion";"";"Bright";"Merseybeat";"Lennon";"Lennon";"Lennon, with McCartney";"Lennon";"N";"10";"2";"3";"2";"18";"0";"3";"0";"18";"19";"20";"";"";"28";"5"
"Polythene Pam";"1969";"Abbey Road";"57";1.2;"B";"Minor";"166.829";"4";"0.499";"0.474";"0.939";"-8.884";"0.00472";"";"";"";"Album Rock";"";"Brash";"Pop/Rock";"Lennon";"Lennon";"Lennon";"Lennon";"N";"3";"";"";"";"0";"0";"";"0";"";"";"";"";"";"";""
"Rain";"1966";"Past Masters (Vols. 1 & 2 / Remastered)";"52";2.98;"C";"Major";"106.933";"4";"0.541";"0.234";"0.693";"-8.277";"2.82e-05";"Paperback Writer";"Rain";"RIAA Gold";"British Invasion";"Rainy Day";"Dreamy";"Psychedelic Rock";"Lennon";"Lennon";"Lennon";"Lennon";"N";"12";"1";"23";"";"0";"0";"23";"0";"42";"24";"";"40";"";"";"10"
"Revolution";"1968";"Past Masters (Vols. 1 & 2 / Remastered)";"41";3.35;"C#/Db";"Major";"121.054";"4";"0.708";"0.417";"0.825";"-9.539";"0.0888";"Hey Jude";"Revolution";"RIAA 4xPlatinum";"Contemporary Pop/Rock";"Revolutionary";"Acerbic";"Hard rock";"Lennon";"Lennon";"Lennon";"Lennon";"N";"18";"1";"12";"";"0";"0";"12";"0";"32";"34";"13";"21";"";"5";""
"Revolution 1";"1968";"The Beatles";"52";3.35;"A";"Major";"98.425";"4";"0.695";"0.386";"0.626";"-9.451";"0.0785";"";"";"";"Contemporary Pop/Rock";"Revolutionary";"Acerbic";"Hard rock";"Lennon";"Lennon";"Lennon";"Lennon";"N";"2";"";"";"";"0";"0";"";"0";"";"";"";"";"";"35";""
"Revolution 9";"1968";"The Beatles";"47";8.37;"D";"Minor";"91.158";"4";"0.101";"0.208";"0.615";"-15.297";"0.769";"";"";"";"Alternative/Indie Rock";"";"Cold";"Avant-Garde";"Lennon, with Ono and Harrison";"Lennon";"";"None";"N";"4";"";"";"";"0";"0";"";"0";"";"";"";"";"";"";""
"Rock and Roll Music";"1964";"Beatles for Sale";"55";2.5;"A";"Major";"167.092";"4";"0.965";"0.457";"0.917";"-6.213";"0.566";"Rock and Roll Music; No Reply";"I'm a Loser; Rock and Roll Music";"";"British Invasion";"Hanging Out";"Energetic";"Rock and Roll";"Berry";"Other";"Lennon";"Lennon";"Y";"";"";"";"";"0";"0";"";"0";"";"";"";"";"";"";""
"Rocky Raccoon";"1968";"The Beatles";"61";3.55;"G";"Major";"79.456";"4";"0.648";"0.599";"0.363";"-11.728";"0.333";"";"";"";"Contemporary Pop/Rock";"";"Amiable/Good-Natured";"Country";"McCartney, with Lennon";"McCartney";"McCartney";"McCartney";"N";"7";"";"";"";"0";"0";"";"0";"";"";"";"";"";"";""
"Roll Over Beethoven";"1963";"With the Beatles";"56";2.8;"D";"Major";"160.673";"4";"0.967";"0.351";"0.749";"-9.435";"0.289";"Roll Over Beethoven; Roll Over Beethoven";"Please Mr. Postman; Misery";"";"British Invasion";"Celebration";"Amiable/Good-Natured";"Rock and Roll";"Berry";"Other";"Harrison";"Harrison";"Y";"";"";"68";"";"0";"0";"";"0";"";"";"";"";"";"";""
"Run for Your Life";"1965";"Rubber Soul";"55";2.3;"D";"Major";"176.732";"4";"0.822";"0.563";"0.705";"-9.232";"0.0103";"";"";"";"British Invasion";"Jealousy";"Acerbic";"Rock";"Lennon, with McCartney";"Lennon";"Lennon";"Lennon";"N";"5";"";"";"";"0";"0";"";"0";"";"";"";"";"";"";""
"Savoy Truffle";"1968";"The Beatles";"50";2.9;"B";"Minor";"120.761";"4";"0.793";"0.623";"0.544";"-11.043";"0.00814";"";"";"";"Contemporary Pop/Rock";"";"Freewheeling";"Soul";"Harrison";"Harrison";"Harrison";"Harrison";"N";"3";"";"";"";"0";"0";"";"0";"";"";"";"";"";"";""
"Sexy Sadie";"1968";"The Beatles";"54";3.25;"C";"Major";"75.478";"4";"0.671";"0.577";"0.624";"-9.626";"0.33";"";"";"";"Contemporary Pop/Rock";"Late Night";"Acerbic";"Pop/Rock";"Lennon";"Lennon";"Lennon";"Lennon";"N";"3";"";"";"";"0";"0";"";"0";"";"";"";"";"";"";""
"Sgt. Pepper's Lonely Hearts Club Band";"1967";"Sgt. Pepper's Lonely Hearts Club Band";"64";1.98;"G";"Major";"95.513";"4";"0.583";"0.451";"0.673";"-9.115";"0.0857";"Sgt. Pepper's Lonely Hearts Club Band / With a Little Help from My Friends";"A Day in the Life";"";"British Psychedelia";"";"Playful";"Psychedelic Rock";"McCartney";"McCartney";"McCartney, with Lennon";"McCartney";"N";"15";"63";"71";"63";"3";"0";"";"0";"";"";"";"";"32";"";""
"Sgt. Pepper's Lonely Hearts Club Band (Reprise)";"1967";"Sgt. Pepper's Lonely Hearts Club Band";"52";1.33;"C";"Major";"118.773";"4";"0.879";"0.653";"0.889";"-8.006";"0.0061";"";"";"";"British Psychedelia";"";"Playful";"Psychedelic Rock";"McCartney";"McCartney";"McCartney, with Lennon and Harrison";"McCartney";"N";"5";"";"";"";"0";"0";"";"0";"";"";"";"";"";"";"48"
"She Came in Through the Bathroom Window";"1969";"Abbey Road";"61";1.95;"D";"Major";"80.652";"4";"0.69";"0.53";"0.72";"-8.793";"0.00376";"";"";"";"Album Rock";"";"Energetic";"Rock";"McCartney";"McCartney";"McCartney";"McCartney";"N";"2";"";"";"";"0";"0";"";"0";"";"";"";"";"";"";""
"She Loves You";"1963";"Past Masters (Vols. 1 & 2 / Remastered)";"51";2.3;"G";"Major";"75.442";"4";"0.927";"0.391";"0.883";"-5.973";"0.264";"She Loves You";"I'll Get You";"";"Alternative/Indie Rock";"In Love";"Agreeable";"Rock and Roll";"Lennon and McCartney";"Lennon and McCartney";"Lennon and McCartney";"Lennon and McCartney";"N";"19";"1";"1";"1";"33";"6";"1";"2";"3";"14";"14";"34";"24";"";"4"
"She Said She Said";"1966";"Revolver";"56";2.62;"D#/Eb";"Major";"106.476";"4";"0.672";"0.329";"0.678";"-7.878";"0.103";"";"";"";"British Invasion";"";"Acerbic";"Psychedelic Rock";"Lennon";"Lennon";"Lennon";"Lennon";"N";"5";"";"";"";"0";"0";"";"0";"";"";"37";"";"";"44";"11"
"She's Leaving Home";"1967";"Sgt. Pepper's Lonely Hearts Club Band";"60";3.58;"E";"Major";"127.581";"3";"0.393";"0.381";"0.214";"-11.629";"0.944";"";"";"";"Contemporary Pop/Rock";"Loss/Grief";"Bittersweet";"Baroque Pop";"McCartney, with Lennon";"McCartney";"McCartney, with Lennon";"McCartney";"N";"26";"";"";"";"0";"0";"";"0";"";"";"";"47";"";"";""
"She's a Woman";"1964";"Past Masters (Vols. 1 & 2 / Remastered)";"45";3.05;"A";"Major";"88.628";"4";"0.961";"0.72";"0.513";"-9.217";"0.367";"I Feel Fine";"She's a Woman";"RIAA Gold";"British Invasion";"Cool & Cocky";"Bright";"Rock and Roll";"McCartney";"McCartney";"McCartney";"McCartney";"N";"6";"";"4";"";"0";"0";"4";"0";"31";"";"";"";"";"";""
"Slow Down";"1964";"Past Masters (Vols. 1 & 2 / Remastered)";"39";2.92;"C";"Major";"168.618";"4";"0.839";"0.494";"0.799";"-7.327";"0.707";"Matchbox";"Slow Down";"";"British Invasion";"";"Bright";"Rock and Roll";"Williams";"Other";"Lennon";"Lennon";"Y";"";"";"25";"";"0";"0";"25";"0";"44";"";"";"";"";"";""
"Something";"1969";"Abbey Road";"76";2.98;"C";"Major";"133.522";"4";"0.377";"0.396";"0.338";"-10.872";"0.198";"Something";"Come Together";"RIAA 2xPlatinum";"Contemporary Pop/Rock";"Anniversary";"Poignant";"Rock";"Harrison";"Harrison";"Harrison";"Harrison";"N";"43";"4";"1";"4";"12";"0";"3";"0";"30";"7";"6";"13";"10";"3";"13"
"Strawberry Fields Forever";"1966";"Magical Mystery Tour";"71";4.08;"A#/Bb";"Major";"97.871";"4";"0.289";"0.39";"0.502";"-12.277";"0.336";"Penny Lane";"Strawberry Fields Forever";"RIAA Gold";"British Psychedelia";"Summer";"Complex";"Psychedelic Rock";"Lennon";"Lennon";"Lennon";"Lennon";"N";"30";"2";"8";"32";"3";"0";"8";"0";"33";"2";"3";"1";"20";"22";"2"
"Sun King";"1969";"Abbey Road";"59";2.43;"D";"Major";"74.994";"4";"0.192";"0.483";"0.177";"-17.629";"0.284";"";"";"";"Album Rock";"";"Atmospheric";"Art Pop";"Lennon";"Lennon";"Lennon";"Lennon";"N";"2";"";"";"";"0";"0";"";"0";"";"";"";"";"";"";""
"Taxman";"1966";"Revolver";"60";2.65;"G";"Major";"133.586";"4";"0.783";"0.469";"0.596";"-8.348";"0.0101";"";"";"";"British Invasion";"";"Acerbic";"Rock";"Harrison, with uncredited contribution from Lennon";"Harrison";"Harrison";"Harrison";"N";"14";"";"";"";"0";"0";"";"0";"";"35";"";"36";"";"25";""
"Tell Me What You See";"1965";"Help!";"49";2.6;"G";"Major";"136.675";"4";"0.7";"0.592";"0.796";"-8.125";"0.061";"";"";"";"British Invasion";"In Love";"Earnest";"Rock";"McCartney, with Lennon";"McCartney";"McCartney, with Lennon";"McCartney";"N";"1";"";"";"";"0";"0";"";"0";"";"";"";"";"";"";""
"Tell Me Why";"1964";"A Hard Day's Night";"52";2.17;"B";"Minor";"150.942";"3";"0.797";"0.267";"0.688";"-6.309";"0.586";"If I Fell";"Tell Me Why";"";"British Invasion";"Heartache";"Bright";"Rock and Roll";"Lennon";"Lennon";"Lennon";"Lennon";"N";"3";"";"";"";"0";"0";"";"0";"";"";"";"";"";"";""
"Thank You Girl";"1963";"Past Masters (Vols. 1 & 2 / Remastered)";"41";2.02;"D";"Major";"137.717";"4";"0.972";"0.553";"0.71";"-10.492";"0.449";"From Me to You; Do You Want to Know a Secret?";"Thank You Girl; Thank You Girl";"";"British Invasion";"In Love";"Bright";"Merseybeat";"Lennon and McCartney";"Lennon and McCartney";"Lennon and McCartney";"Lennon and McCartney";"N";"1";"";"35";"";"0";"0";"35";"0";"46";"";"";"";"";"";""
"The Ballad of John and Yoko";"1969";"Past Masters (Vols. 1 & 2 / Remastered)";"40";2.98;"E";"Major";"135.183";"4";"0.938";"0.656";"0.865";"-8.241";"0.00561";"The Ballad of John and Yoko";"Old Brown Shoe";"RIAA Gold";"";"";"Freewheeling";"Rock and Roll";"Lennon";"Lennon";"Lennon, with McCartney";"Lennon";"N";"4";"1";"8";"1";"14";"3";"8";"0";"28";"49";"48";"";"";"";""
"The Continuing Story of Bungalow Bill";"1968";"The Beatles";"54";3.3;"C";"Major";"114.816";"4";"0.648";"0.621";"0.459";"-10.414";"0.224";"";"";"";"";"";"";"Folk Rock";"Lennon";"Lennon";"Lennon, with Starkey";"Lennon";"N";"3";"";"";"";"0";"0";"";"0";"";"";"";"";"";"";""
"The End";"1969";"Abbey Road";"59";2.33;"B";"Minor";"123.444";"1";"0.222";"0.647";"0.487";"-10.119";"0.00101";"";"";"";"Album Rock";"";"Freewheeling";"Hard Rock";"McCartney";"McCartney";"McCartney";"McCartney";"N";"3";"";"";"";"0";"0";"";"0";"";"";"";"";"";"20";""
"The Fool on the Hill";"1967";"Magical Mystery Tour";"60";3.0;"E";"Minor";"144.184";"4";"0.49";"0.356";"0.26";"-10.577";"0.913";"";"";"";"British Psychedelia";"Introspection";"Melancholy";"Baroque Pop";"McCartney";"McCartney";"McCartney";"McCartney";"N";"25";"";"";"";"0";"0";"";"0";"";"";"";"";"";"";""
"The Inner Light";"1968";"Past Masters (Vols. 1 & 2 / Remastered)";"41";2.6;"G#/Ab";"Major";"101.545";"3";"0.387";"0.304";"0.543";"-10.619";"0.751";"Lady Madonna";"The Inner Light";"RIAA Platinum";"British Psychedelia";"Introspection";"Atmospheric";"Indian Music";"Harrison";"Harrison";"Harrison";"Harrison";"N";"";"";"96";"";"0";"0";"";"0";"";"";"";"";"";"";""
"The Long and Winding Road";"1969";"Let It Be";"68";3.67;"D#/Eb";"Major";"132.282";"4";"0.392";"0.299";"0.329";"-10.096";"0.756";"The Long and Winding Road";"For You Blue";"RIAA Platinum";"Contemporary Pop/Rock";"Prom";"Dramatic";"Pop/Rock";"McCartney";"McCartney";"McCartney";"McCartney";"N";"29";"";"1";"";"0";"0";"1";"2";"20";"37";"";"";"41";"";"45"
"The Night Before";"1965";"Help!";"56";2.55;"D";"Major";"84.496";"4";"0.632";"0.461";"0.762";"-6.727";"0.0537";"";"";"";"Adult Contemporary";"Goodbyes";"Agreeable";"Electronic Pop/Rock";"McCartney";"McCartney";"McCartney";"McCartney";"N";"2";"";"";"";"0";"0";"";"0";"";"";"49";"";"";"";""
"The Word";"1965";"Rubber Soul";"55";2.68;"C";"Major";"120.773";"4";"0.792";"0.59";"0.641";"-9.687";"0.00682";"";"";"";"British Invasion";"In Love";"Bright";"Rock";"Lennon and McCartney";"Lennon and McCartney";"Lennon, McCartney and Harrison";"More than 2 vocalists";"N";"3";"";"";"";"0";"0";"";"0";"";"";"";"";"";"";""
"There's a Place";"1963";"Please Please Me";"51";1.82;"E";"Major";"140.928";"4";"0.927";"0.455";"0.582";"-10.009";"0.629";"";"";"";"British Invasion";"";"Bright";"Merseybeat";"Lennon and McCartney";"Lennon and McCartney";"Lennon and McCartney";"Lennon and McCartney";"N";"2";"";"";"";"0";"0";"";"0";"";"";"";"";"";"";""
"Things We Said Today";"1964";"A Hard Day's Night";"56";2.63;"D";"Minor";"137.054";"4";"0.516";"0.551";"0.575";"-8.208";"0.239";"A Hard Day's Night";"Things We Said Today";"";"British Invasion";"Reminiscing";"Rousing";"Rock";"McCartney";"McCartney";"McCartney";"McCartney";"N";"10";"";"";"";"0";"0";"";"0";"";"";"47";"";"";"";""
"Think for Yourself";"1965";"Rubber Soul";"55";2.3;"C";"Major";"130.544";"4";"0.799";"0.529";"0.567";"-9.796";"0.0124";"";"";"";"British Invasion";"Breakup";"Acerbic";"Pop/Rock";"Harrison";"Harrison";"Harrison";"Harrison";"N";"3";"";"";"";"0";"0";"";"0";"";"";"";"";"";"";""
"This Boy";"1963";"Past Masters (Vols. 1 & 2 / Remastered)";"56";2.22;"D";"Major";"110.173";"3";"0.703";"0.66";"0.337";"-11.524";"0.213";"I Want to Hold Your Hand; All My Loving";"This Boy; This Boy";"";"British Invasion";"Feeling Blue";"";"Doo Wop";"Lennon";"Lennon";"Lennon, with McCartney and Harrison";"Lennon";"N";"10";"";"";"";"0";"0";"";"0";"";"38";"";"";"";"";""
"Ticket to Ride";"1965";"Help!";"69";3.17;"A";"Major";"123.419";"4";"0.749";"0.519";"0.85";"-6.777";"0.0457";"Ticket to Ride";"Yes It Is";"";"British Invasion";"Breakup";"Bittersweet";"Power Pop";"Lennon";"Lennon";"Lennon, with McCartney";"Lennon";"N";"18";"1";"1";"1";"12";"3";"1";"0";"17";"10";"17";"16";"21";"19";"18"
"Till There Was You";"1963";"With the Beatles";"66";2.27;"F";"Major";"122.421";"4";"0.646";"0.727";"0.338";"-13.887";"0.79";"";"";"";"British Invasion";"In Love";"Amiable/Good-Natured";"Pop/Rock";"Willson";"Other";"McCartney";"McCartney";"Y";"";"";"";"";"0";"0";"";"0";"";"";"";"";"";"";""
"Tomorrow Never Knows";"1966";"Revolver";"59";2.97;"F";"Major";"125.887";"4";"0.0534";"0.38";"0.829";"-6.105";"8.4e-05";"";"";"";"British Psychedelia";"Revolutionary";"Druggy";"Psychedelic Rock";"Lennon";"Lennon";"Lennon";"Lennon";"N";"23";"";"";"";"0";"0";"";"0";"";"50";"18";"6";"";"7";"12"
"Twist and Shout";"1963";"Please Please Me";"80";2.08;"D";"Major";"124.631";"4";"0.937";"0.482";"0.849";"-9.198";"0.641";"Twist and Shout; Back in the U.S.S.R.";"There's a Place; Twist and Shout";"RIAA Platinum";"British Invasion";"";"Bright";"Rock and Roll";"Medley, Russell";"Other";"Lennon";"Lennon";"Y";"";"1";"2";"";"0";"0";"2";"0";"13";"25";"";"23";"44";"";"43"
"Two of Us";"1969";"Let It Be";"61";3.55;"G";"Major";"109.114";"4";"0.931";"0.726";"0.702";"-10.757";"0.0974";"";"";"";"Contemporary Pop/Rock";"Affection/Fondness";"";"Folk Rock";"McCartney";"McCartney";"McCartney, with Lennon";"McCartney";"N";"6";"";"";"";"0";"0";"";"0";"";"";"";"42";"";"";""
"Wait";"1965";"Rubber Soul";"55";2.27;"F#/Gb";"Minor";"127.201";"4";"0.657";"0.552";"0.487";"-10.574";"0.0175";"";"";"";"British Invasion";"";"Autumnal";"Folk Rock";"McCartney, with Lennon";"McCartney";"McCartney, with Lennon";"McCartney";"N";"3";"";"";"";"0";"0";"";"0";"";"";"";"";"";"";""
"We Can Work It Out";"1965";"Past Masters (Vols. 1 & 2 / Remastered)";"41";2.25;"D";"Major";"106.237";"4";"0.742";"0.373";"0.597";"-10.013";"0.102";"We Can Work It Out";"Day Tripper";"RIAA Gold";"British Invasion";"Affection/Fondness";"Energetic";"Folk Rock";"McCartney, with Lennon";"McCartney";"McCartney, with Lennon";"McCartney";"N";"29";"1";"1";"";"0";"0";"1";"3";"9";"36";"30";"25";"48";"40";""
"What Goes on";"1965";"Rubber Soul";"54";2.83;"E";"Major";"96.93";"4";"0.765";"0.67";"0.776";"-10.035";"0.0168";"Nowhere Man";"What Goes On";"RIAA Gold";"British Invasion";"";"Amiable/Good-Natured";"Country rock";"Lennon and McCartney, with Starkey";"Lennon and McCartney";"Starkey";"Starkey";"N";"2";"";"81";"";"0";"0";"";"0";"";"";"";"";"";"";""
"What You're Doing";"1964";"Beatles for Sale";"47";2.5;"D";"Major";"129.506";"4";"0.825";"0.695";"0.53";"-8.309";"0.301";"";"";"";"British Invasion";"Feeling Blue";"Bittersweet";"Jangle pop";"McCartney";"McCartney";"McCartney";"McCartney";"N";"";"";"";"";"0";"0";"";"0";"";"";"";"";"";"";""
"When I Get Home";"1964";"A Hard Day's Night";"47";2.3;"A";"Minor";"125.375";"4";"0.64";"0.568";"0.793";"-6.201";"0.384";"";"";"";"British Invasion";"In Love";"Bright";"Rock and Roll";"Lennon";"Lennon";"Lennon";"Lennon";"N";"1";"";"";"";"0";"0";"";"0";"";"";"";"";"";"";""
"When I'm Sixty Four";"1966";"Sgt. Pepper's Lonely Hearts Club Band";"68";2.62;"C#/Db";"Major";"140.411";"4";"0.661";"0.704";"0.241";"-13.258";"0.625";"";"";"";"Contemporary Pop/Rock";"In Love";"Cheerful";"Music Hall";"McCartney";"McCartney";"McCartney";"McCartney";"N";"21";"";"";"";"0";"0";"";"0";"";"";"";"";"";"";""
"While My Guitar Gently Weeps";"1968";"The Beatles";"74";4.77;"E";"Minor";"115";"4";"0.702";"0.453";"0.654";"-8.855";"0.0205";"Ob-La-Di, Ob-La-Da";"While My Guitar Gently Weeps";"";"British Psychedelia";"Feeling Blue";"Autumnal";"Rock";"Harrison";"Harrison";"Harrison";"Harrison";"N";"27";"";"";"";"0";"0";"";"0";"";"4";"10";"8";"12";"13";"32"
"Why Don't We Do It in the Road?";"1968";"The Beatles";"52";1.7;"D";"Major";"187.688";"4";"0.957";"0.589";"0.522";"-8.718";"0.53";"";"";"";"Contemporary Pop/Rock";"";"Brash";"Rock";"McCartney";"McCartney";"McCartney";"McCartney";"N";"8";"";"";"";"0";"0";"";"0";"";"";"";"";"";"";""
"Wild Honey Pie";"1968";"The Beatles";"52";0.87;"D";"Major";"89.9";"4";"0.152";"0.792";"0.763";"-11.185";"0.425";"";"";"";"British Psychedelia";"";"Freewheeling";"Experimental pop";"McCartney";"McCartney";"McCartney";"McCartney";"N";"2";"";"";"";"0";"0";"";"0";"";"";"";"";"";"";""
"With a Little Help From My Friends";"1967";"Sgt. Pepper's Lonely Hearts Club Band";"69";2.73;"E";"Major";"112.035";"4";"0.803";"0.705";"0.515";"-9.343";"0.365";"Sgt. Pepper's Lonely Hearts Club Band / With a Little Help from My Friends";"A Day in the Life";"";"Contemporary Pop/Rock";"Affection/Fondness";"Amiable/Good-Natured";"Pop Rock";"Lennon and McCartney";"Lennon and McCartney";"Starkey";"Starkey";"N";"31";"63";"71";"";"0";"0";"";"0";"";"22";"";"50";"23";"26";""
"Within You Without You";"1967";"Sgt. Pepper's Lonely Hearts Club Band";"54";5.08;"F#/Gb";"Major";"126.166";"4";"0.354";"0.352";"0.479";"-9.965";"0.339";"";"";"";"British Psychedelia";"Introspection";"Atmospheric";"Indian Classical";"Harrison";"Harrison";"Harrison";"Harrison";"N";"9";"";"";"";"0";"0";"";"0";"";"";"";"";"";"";""
"Words of Love";"1964";"Beatles for Sale";"51";2.03;"A";"Major";"122.358";"4";"0.85";"0.551";"0.533";"-9.8";"0.323";"";"";"";"British Invasion";"In Love";"Intimate";"Pop/Rock";"Holly";"Other";"Lennon and McCartney";"Lennon and McCartney";"Y";"";"";"";"";"0";"0";"";"0";"";"";"";"";"";"";""
"Yellow Submarine";"1966";"Revolver";"61";2.63;"C#/Db";"Major";"111.398";"4";"0.696";"0.604";"0.549";"-9.873";"0.531";"Yellow Submarine";"Eleanor Rigby";"RIAA Gold";"British Invasion";"Birthday";"Amiable/Good-Natured";"Children's Music";"McCartney";"McCartney";"Starkey";"Starkey";"N";"8";"1";"2";"1";"13";"4";"2";"0";"25";"41";"";"";"8";"";""
"Yer Blues";"1968";"The Beatles";"54";4.02;"A";"Major";"151.766";"3";"0.435";"0.327";"0.525";"-10.272";"0.000875";"";"";"";"Blues-Rock";"Feeling Blue";"Acerbic";"Blues Rock";"Lennon";"Lennon";"Lennon";"Lennon";"N";"6";"";"";"";"0";"0";"";"0";"";"";"";"";"";"";""
"Yes It Is";"1965";"Past Masters (Vols. 1 & 2 / Remastered)";"46";2.68;"E";"Major";"132.571";"4";"0.426";"0.414";"0.329";"-8.193";"0.638";"Ticket to Ride";"Yes It Is";"";"British Invasion";"Feeling Blue";"Bittersweet";"Pop/Rock";"Lennon";"Lennon";"Lennon, McCartney and Harrison";"More than 2 vocalists";"N";"2";"1";"46";"";"0";"0";"";"0";"";"";"";"";"";"";""
"Yesterday";"1965";"Help!";"80";2.05;"F";"Major";"96.529";"4";"0.315";"0.332";"0.179";"-11.83";"0.879";"Yesterday";"Act Naturally";"RIAA Gold";"British Invasion";"Breakup";"Bittersweet";"Baroque Pop";"McCartney";"McCartney";"McCartney";"McCartney";"N";"70";"8";"1";"8";"7";"0";"1";"4";"12";"12";"4";"22";"3";"6";"39"
"You Can't Do That";"1964";"A Hard Day's Night";"51";2.62;"C";"Major";"129.161";"4";"0.961";"0.612";"0.788";"-6.251";"0.367";"Can't Buy Me Love";"You Can't Do That";"";"British Invasion";"Awareness";"Acerbic";"Rock and Roll";"Lennon";"Lennon";"Lennon";"Lennon";"N";"10";"1";"48";"";"0";"0";"";"0";"";"";"";"";"";"";""
"You Know My Name (Look Up the Number)";"1967";"Past Masters (Vols. 1 & 2 / Remastered)";"40";4.35;"D";"Major";"118.822";"4";"0.696";"0.672";"0.529";"-11.566";"0.647";"Let It Be";"You Know My Name (Look Up the Number)";"RIAA 2xPlatinum";"Contemporary Pop/Rock";"Mischievous";"Campy";"Comedy Rock";"Lennon, with McCartney";"Lennon";"Lennon and McCartney";"Lennon and McCartney";"N";"1";"2";"";"";"0";"0";"";"0";"";"";"";"";"";"";""
"You Like Me Too Much";"1965";"Help!";"50";2.58;"G";"Major";"88.316";"4";"0.899";"0.555";"0.57";"-7.869";"0.415";"";"";"";"British Invasion";"In Love";"Bright";"Pop/Rock";"Harrison";"Harrison";"Harrison";"Harrison";"N";"";"";"";"";"0";"0";"";"0";"";"";"";"";"";"";""
"You Never Give Me Your Money";"1969";"Abbey Road";"60";4.03;"C";"Major";"174.464";"3";"0.223";"0.335";"0.416";"-11.051";"0.345";"";"";"";"Album Rock";"The Creative Side";"Atmospheric";"Rock";"McCartney";"McCartney";"McCartney";"McCartney";"N";"6";"";"";"";"0";"0";"";"0";"";"";"";"";"";"";""
"You Won't See Me";"1965";"Rubber Soul";"57";3.37;"A";"Major";"115.941";"4";"0.473";"0.488";"0.539";"-8.752";"0.136";"";"";"";"British Invasion";"Breakup";"Bright";"Pop/Rock";"McCartney";"McCartney";"McCartney";"McCartney";"N";"9";"";"";"";"0";"0";"";"0";"";"";"";"";"";"";""
"You're Going to Lose That Girl";"1965";"Help!";"57";2.33;"E";"Major";"131.975";"4";"0.818";"0.533";"0.66";"-7.694";"0.346";"";"";"";"British Invasion";"";"Bravado";"Rock";"Lennon";"Lennon";"Lennon";"Lennon";"N";"2";"";"";"";"0";"0";"";"0";"";"";"27";"";"";"";""
"You've Got to Hide Your Love Away";"1965";"Help!";"73";2.18;"G";"Major";"184.267";"3";"0.378";"0.398";"0.392";"-9.05";"0.207";"";"";"";"British Invasion";"Breakup";"Angst-Ridden";"FolkPop/Rock";"Lennon";"Lennon";"Lennon";"Lennon";"N";"21";"";"";"";"0";"0";"";"0";"";"42";"31";"49";"";"37";"46"
"You've Really Got a Hold on Me";"1963";"With the Beatles";"54";3.03;"A";"Major";"77.643";"4";"0.687";"0.373";"0.388";"-9.31";"0.525";"";"";"";"British Invasion";"In Love";"Earnest";"Soul";"Robinson";"Other";"Lennon and Harrison";"More than 2 vocalists";"Y";"";"";"";"";"0";"0";"";"0";"";"";"";"";"";"";""
"Your Mother Should Know";"1967";"Magical Mystery Tour";"58";2.48;"C";"Major";"117.613";"4";"0.724";"0.698";"0.293";"-11.361";"0.784";"";"";"";"British Psychedelia";"";"Carefree";"Music Hall";"McCartney";"McCartney";"McCartney";"McCartney";"N";"1";"";"";"";"0";"0";"";"0";"";"";"";"";"";"";""
